{"train_loss": 5.107993090594256, "test_acc2_np": 0.8473282442748091, "test_acc2_nn": 0.8262773722627738, "test_mae": 0.7562493191800849, "test_corr": 0.7759593949081534, "test_f_score_np": 0.8465399789619273, "test_f_score_nn": 0.8247602070750982, "best_test_acc2_np": 0.850381679389313, "best_test_acc2_nn": 0.8291970802919708, "best_test_acc7": 0.42043795620437957, "best_test_mae": 0.7547789568992427, "best_test_corr": 0.7759593949081534, "_timestamp": 1685780127.450808, "_runtime": 551.5317871570587, "_step": 59, "_wandb": {"runtime": 550}}